name,venue_type,address,neighborhood,google_maps_url,coordinates,blog_description,general_description,keywords_tags,yelp_rating,google_maps_rating,tripadvisor_rating,yelp_url,tripadvisor_url,yelp_reviews_count,google_maps_reviews_count,tripadvisor_reviews_count,processed_at
Yolk (South Loop),restaurant,"1120 S Michigan Ave, Chicago, IL 60605",South Loop,https://maps.google.com/?cid=14343309851056131395,"41.8688642,-87.62456600000002",Breakfast in Chicago is secretly run by Greek families. Yolk is everywhere. Meli Café is lights-out for hangovers. Lou Mitchell’s near Union Station is a rite of passage.,"Popular breakfast spot; big menu, reliable brunch.","{""breakfast"", ""brunch""}",4.0,4.5,,https://www.yelp.com/biz/yolk-south-loop-chicago,https://www.tripadvisor.com/Restaurant_Review-g35805-d1630737-Reviews-Yolk_Chicago-Chicago_Illinois.html,,4496,,2025-08-15T14:53:10.211836
Yolk (Streeterville),restaurant,"355 E Ohio St, Chicago, IL 60611",Streeterville,https://maps.google.com/?cid=5735598483610180249,"41.8920251,-87.61803739999999",Breakfast in Chicago is secretly run by Greek families. Yolk is everywhere. Meli Café is lights-out for hangovers. Lou Mitchell’s near Union Station is a rite of passage.,Breakfast and brunch near the Mag Mile.,"{""breakfast"", ""brunch""}",3.9,4.4,,https://www.yelp.com/biz/yolk-streeterville-chicago-2,https://www.tripadvisor.co.uk/Restaurant_Review-g35805-d2048880-Reviews-Yolk_Streeterville-Chicago_Illinois.html,,3700,,2025-08-15T14:53:12.889729
Yolk (West Loop),restaurant,"500 W Madison St, Chicago, IL 60661",West Loop,https://maps.google.com/?cid=174423958301255576,"41.882015,-87.6409323",Breakfast in Chicago is secretly run by Greek families. Yolk is everywhere. Meli Café is lights-out for hangovers. Lou Mitchell’s near Union Station is a rite of passage.,Busy weekday breakfast hub in Ogilvie.,"{""breakfast"", ""brunch""}",3.7,4.3,,https://www.yelp.com/biz/yolk-west-loop-chicago,,,1549,,2025-08-15T14:53:17.029012
Yolk (Marina City),restaurant,"340 N State St, Chicago, IL 60654",River North,https://maps.google.com/?cid=16087062786962611258,"41.8885077,-87.6283397",Breakfast in Chicago is secretly run by Greek families. Yolk is everywhere. Meli Café is lights-out for hangovers. Lou Mitchell’s near Union Station is a rite of passage.,Marina City location next to House of Blues.,"{""breakfast"", ""brunch""}",4.2,4.5,,https://www.yelp.com/biz/yolk-marina-city-chicago-4,https://www.tripadvisor.com/Restaurant_Review-g35805-d10263240-Reviews-Yolk_Marina_City-Chicago_Illinois.html,1008.0,2575,,2025-08-15T14:53:19.902966
Yolk (Wicker Park),restaurant,"1819 W Division St Ste 300, Chicago, IL 60622",Wicker Park,https://maps.google.com/?cid=2410653645508176674,"41.9031215,-87.67297049999999",Breakfast in Chicago is secretly run by Greek families. Yolk is everywhere. Meli Café is lights-out for hangovers. Lou Mitchell’s near Union Station is a rite of passage.,Trendy brunch in Wicker Park.,"{""breakfast"", ""brunch""}",3.7,4.3,,https://www.yelp.com/biz/yolk-wicker-park-chicago,,,611,,2025-08-15T14:53:22.962399
Yolk (Oak Park/River Forest),restaurant,"7301 W North Ave, River Forest, IL 60305",River Forest,https://maps.google.com/?cid=12426358360209185347,"41.9085715,-87.8076109",Breakfast in Chicago is secretly run by Greek families. Yolk is everywhere. Meli Café is lights-out for hangovers. Lou Mitchell’s near Union Station is a rite of passage.,Suburban outpost near Oak Park.,"{""breakfast"", ""brunch""}",3.4,4.1,,https://www.yelp.com/biz/yolk-oak-park-river-forest-river-forest,,,517,,2025-08-15T14:53:25.980954
Meli Cafe (Greektown),restaurant,"301 S Halsted St, Chicago, IL 60661",Greektown,https://maps.google.com/?cid=4404445685871543454,"41.8777778,-87.6469444",Breakfast in Chicago is secretly run by Greek families. Yolk is everywhere. Meli Café is lights-out for hangovers. Lou Mitchell’s near Union Station is a rite of passage.,Greek-run cafe with great hangover breakfast.,"{""breakfast"", ""brunch""}",4.0,4.3,,https://www.yelp.com/biz/meli-cafe-and-juice-bar-chicago,https://www.tripadvisor.com/Restaurant_Review-g35805-d781141-Reviews-Meli_Cafe-Chicago_Illinois.html,1061.0,823,,2025-08-15T14:53:28.619850
Meli Cafe (River North),restaurant,"540 N Wells St, Chicago, IL 60654",River North,https://maps.google.com/?cid=4410691952427621789,"41.891965,-87.6344627",Breakfast in Chicago is secretly run by Greek families. Yolk is everywhere. Meli Café is lights-out for hangovers. Lou Mitchell’s near Union Station is a rite of passage.,River North location of the Greek-run cafe.,"{""breakfast"", ""brunch""}",3.6,4.3,,https://www.yelp.com/biz/meli-cafe-chicago-3,https://www.tripadvisor.com/Restaurant_Review-g35805-d6351069-Reviews-Meli_Cafe-Chicago_Illinois.html,820.0,1427,,2025-08-15T14:53:31.263971
Meli Cafe (Printers Row),restaurant,"500 S Dearborn St, Chicago, IL 60605",Printer's Row,https://maps.google.com/?cid=1365307179457646493,"41.8754049,-87.6294064",Breakfast in Chicago is secretly run by Greek families. Yolk is everywhere. Meli Café is lights-out for hangovers. Lou Mitchell’s near Union Station is a rite of passage.,Hotel Blake location; classic breakfast and lunch.,"{""breakfast"", ""brunch""}",,4.2,,https://www.yelp.com/biz/meli-cafe-chicago-4,https://www.tripadvisor.com/Restaurant_Review-g35805-d781141-Reviews-Meli_Cafe-Chicago_Illinois.html,,2587,,2025-08-15T14:53:35.868319
Lou Mitchell’s,restaurant,"565 W Jackson Blvd, Chicago, IL 60661",West Loop,https://maps.google.com/?cid=3547794176482986034,"41.8779176,-87.6421428",Breakfast in Chicago is secretly run by Greek families. Yolk is everywhere. Meli Café is lights-out for hangovers. Lou Mitchell’s near Union Station is a rite of passage.,Historic diner near Union Station; donut holes at the door.,"{""breakfast"", ""diner""}",3.9,4.6,,https://www.yelp.com/biz/lou-mitchells-chicago,https://www.tripadvisor.com/Restaurant_Review-g35805-d431342-Reviews-Lou_Mitchell_s-Chicago_Illinois.html,,4365,,2025-08-15T14:53:38.502856
Pequod’s Pizza,restaurant,"2207 N Clybourn Ave, Chicago, IL 60614",Lincoln Park,https://maps.google.com/?cid=18021047304236743757,"41.921934,-87.6643512","Deep dish: Pequod’s, Lou Malnati’s, Uno, Due. Tavern-style and more: Vito & Nick’s, Pizzamici, Phil’s, Bungalow by Middle Brow, Michael’s, D’Agostino’s, Gallucci, Spacca Napoli, Zaza’s, Jimmy’s Pizza Cafe.",Legendary caramelized-crust deep dish.,"{""pizza"", ""deep dish"", ""iconic""}",3.9,4.4,,https://www.yelp.com/biz/pequods-pizza-chicago-3,https://www.tripadvisor.com/Restaurant_Review-g35805-d429389-Reviews-Pequod_s_Pizza-Chicago_Illinois.html,,15315,,2025-08-15T14:53:41.173413
Pizzeria Uno,restaurant,"29 E Ohio St, Chicago, IL 60611",River North,https://maps.google.com/?cid=1063186773568786146,"41.8923043,-87.62692899999999","Deep dish: Pequod’s, Lou Malnati’s, Uno, Due. Tavern-style and more: Vito & Nick’s, Pizzamici, Phil’s, Bungalow by Middle Brow, Michael’s, D’Agostino’s, Gallucci, Spacca Napoli, Zaza’s, Jimmy’s Pizza Cafe.","OG deep dish; tiny room, pre-order policy.","{""pizza"", ""deep dish"", ""historic""}",,4.3,,,https://www.tripadvisor.com/Restaurant_Review-g35805-d430051-Reviews-Pizzeria_Uno-Chicago_Illinois.html,,6225,,2025-08-15T14:53:46.366114
Pizzeria Due,restaurant,"619 N Wabash Ave, Chicago, IL 60611",River North,https://maps.google.com/?cid=10414281288281113140,"41.8931085,-87.62643","Deep dish: Pequod’s, Lou Malnati’s, Uno, Due. Tavern-style and more: Vito & Nick’s, Pizzamici, Phil’s, Bungalow by Middle Brow, Michael’s, D’Agostino’s, Gallucci, Spacca Napoli, Zaza’s, Jimmy’s Pizza Cafe.",Sister to Uno; same old-school theater.,"{""pizza"", ""deep dish"", ""historic""}",,4.3,,,https://www.tripadvisor.com/Restaurant_Review-g35805-d487392-Reviews-Pizzeria_Due-Chicago_Illinois.html,,3060,,2025-08-15T14:53:51.591597
Lou Malnati’s (River North),restaurant,"439 N Wells St, Chicago, IL 60654",River North,https://maps.google.com/?cid=8492603346710087707,"41.8903514,-87.6337231","Deep dish: Pequod’s, Lou Malnati’s, Uno, Due. Tavern-style and more: Vito & Nick’s, Pizzamici, Phil’s, Bungalow by Middle Brow, Michael’s, D’Agostino’s, Gallucci, Spacca Napoli, Zaza’s, Jimmy’s Pizza Cafe.",Citywide chain; reliable second choice for deep dish.,"{""pizza"", ""deep dish"", ""chain""}",4.0,4.4,,https://www.yelp.com/biz/lou-malnatis-pizzeria-chicago-3,,423.0,11723,,2025-08-15T14:53:54.620978
Vito & Nick’s,restaurant,"8433 S Pulaski Rd, Chicago, IL 60652",Ashburn,https://maps.google.com/?cid=5153134518755790054,"41.7393189,-87.72125369999999","Deep dish: Pequod’s, Lou Malnati’s, Uno, Due. Tavern-style and more: Vito & Nick’s, Pizzamici, Phil’s, Bungalow by Middle Brow, Michael’s, D’Agostino’s, Gallucci, Spacca Napoli, Zaza’s, Jimmy’s Pizza Cafe.",Tavern-style thin crust pilgrimage on the South Side.,"{""pizza"", ""tavern-style"", ""thin crust"", ""south side""}",,4.4,,,https://www.tripadvisor.com/Restaurant_Review-g35805-d429220-Reviews-Vito_Nick_s_Pizzeria-Chicago_Illinois.html,,2907,,2025-08-15T14:53:59.820956
Pizzamici (West Town),restaurant,"1780 W Lake St, Chicago, IL 60612",West Town,https://maps.google.com/?cid=4274703572823560440,"41.89083919999999,-87.65802409999999","Deep dish: Pequod’s, Lou Malnati’s, Uno, Due. Tavern-style and more: Vito & Nick’s, Pizzamici, Phil’s, Bungalow by Middle Brow, Michael’s, D’Agostino’s, Gallucci, Spacca Napoli, Zaza’s, Jimmy’s Pizza Cafe.",Reservation-only tavern-style specialist.,"{""pizza"", ""tavern-style"", ""reservation-only""}",,4.6,,,,,182,,2025-08-15T14:54:05.410054
Phil’s Pizza (Bridgeport),restaurant,"1102 W 35th St, Chicago, IL 60609",Bridgeport,https://maps.google.com/?cid=2933877501804683432,"41.83090199999999,-87.653612","Deep dish: Pequod’s, Lou Malnati’s, Uno, Due. Tavern-style and more: Vito & Nick’s, Pizzamici, Phil’s, Bungalow by Middle Brow, Michael’s, D’Agostino’s, Gallucci, Spacca Napoli, Zaza’s, Jimmy’s Pizza Cafe.",Perfect detour near Sox Park for sausage and giardiniera pie.,"{""pizza"", ""tavern-style"", ""south side""}",,4.4,,,,,2149,,2025-08-15T14:54:11.059873
Bungalow by Middle Brow,restaurant,"2840 W Armitage Ave, Chicago, IL 60647",Logan Square,https://maps.google.com/?cid=10912994001036205335,"41.9177853,-87.6988914","Deep dish: Pequod’s, Lou Malnati’s, Uno, Due. Tavern-style and more: Vito & Nick’s, Pizzamici, Phil’s, Bungalow by Middle Brow, Michael’s, D’Agostino’s, Gallucci, Spacca Napoli, Zaza’s, Jimmy’s Pizza Cafe.",Sourdough pies plus brewery beers in one spot.,"{""brewery"", ""pizza"", ""sourdough""}",,4.4,,https://www.yelp.com/biz/middle-brow-bungalow-chicago,https://www.tripadvisor.com/Restaurant_Review-g35805-d17768574-Reviews-Middle_Brow_Bungalow-Chicago_Illinois.html,,915,,2025-08-15T14:54:13.894640
Michael’s Original Pizzeria & Tavern,restaurant,"4091 N Broadway, Chicago, IL 60613",Lakeview,https://maps.google.com/?cid=17957362142415760105,"41.9568838,-87.65175459999999","Deep dish: Pequod’s, Lou Malnati’s, Uno, Due. Tavern-style and more: Vito & Nick’s, Pizzamici, Phil’s, Bungalow by Middle Brow, Michael’s, D’Agostino’s, Gallucci, Spacca Napoli, Zaza’s, Jimmy’s Pizza Cafe.",Pizza-and-pitcher lunch with bar vibes.,"{""pizza"", ""tavern"", ""lakeview""}",,4.6,,,,,1916,,2025-08-15T14:54:19.570557
D’Agostino’s (Wrigleyville),restaurant,"1351 W Addison St, Chicago, IL 60613",Wrigleyville,https://maps.google.com/?cid=16920365481447752120,"41.9468978,-87.6637123","Deep dish: Pequod’s, Lou Malnati’s, Uno, Due. Tavern-style and more: Vito & Nick’s, Pizzamici, Phil’s, Bungalow by Middle Brow, Michael’s, D’Agostino’s, Gallucci, Spacca Napoli, Zaza’s, Jimmy’s Pizza Cafe.",Classic North Side pizza with Wrigley vibes.,"{""pizza"", ""wrigleyville"", ""tavern""}",,4.4,,,,,1135,,2025-08-15T14:54:25.211193
Gallucci Pizzeria (Old Town),restaurant,"1551 N Wells St, Chicago, IL 60610",Old Town,https://maps.google.com/?cid=12115914570137207309,"41.9106389,-87.634507","Deep dish: Pequod’s, Lou Malnati’s, Uno, Due. Tavern-style and more: Vito & Nick’s, Pizzamici, Phil’s, Bungalow by Middle Brow, Michael’s, D’Agostino’s, Gallucci, Spacca Napoli, Zaza’s, Jimmy’s Pizza Cafe.",Real Neapolitan setup with a scene.,"{""pizza"", ""neapolitan""}",,4.0,,https://www.yelp.com/biz/gallucci-pizzeria-chicago,,,340,,2025-08-15T14:54:30.240157
Spacca Napoli,restaurant,"1769 W Sunnyside Ave, Chicago, IL 60640",Ravenswood,https://maps.google.com/?cid=12228711094983473926,"41.9631881,-87.67372739999999","Deep dish: Pequod’s, Lou Malnati’s, Uno, Due. Tavern-style and more: Vito & Nick’s, Pizzamici, Phil’s, Bungalow by Middle Brow, Michael’s, D’Agostino’s, Gallucci, Spacca Napoli, Zaza’s, Jimmy’s Pizza Cafe.",Benchmark wood-fired Neapolitan.,"{""pizza"", ""neapolitan"", ""wood-fired""}",,4.7,,,https://www.tripadvisor.com/Restaurant_Review-g35805-d577509-Reviews-Spacca_Napoli-Chicago_Illinois.html,,3094,,2025-08-15T14:54:35.491002
Zaza’s Pizzeria,restaurant,"3358 N Southport Ave, Chicago, IL 60657",Lakeview,https://maps.google.com/?cid=13576304873819236550,"41.9374511,-87.64847720000002","Deep dish: Pequod’s, Lou Malnati’s, Uno, Due. Tavern-style and more: Vito & Nick’s, Pizzamici, Phil’s, Bungalow by Middle Brow, Michael’s, D’Agostino’s, Gallucci, Spacca Napoli, Zaza’s, Jimmy’s Pizza Cafe.",East Coast slice energy.,"{""pizza"", ""slice"", ""east coast""}",,4.6,,https://www.yelp.com/biz/zazas-pizzeria-chicago-2,,,836,,2025-08-15T14:54:40.445025
Jimmy’s Pizza Cafe,restaurant,"2434 W Montrose Ave, Chicago, IL 60618",Lincoln Square,https://maps.google.com/?cid=14423647290301554240,"41.9615397,-87.690125","Deep dish: Pequod’s, Lou Malnati’s, Uno, Due. Tavern-style and more: Vito & Nick’s, Pizzamici, Phil’s, Bungalow by Middle Brow, Michael’s, D’Agostino’s, Gallucci, Spacca Napoli, Zaza’s, Jimmy’s Pizza Cafe.",NY-style slice shop done right.,"{""pizza"", ""slice"", ""ny-style""}",,4.6,,,https://www.tripadvisor.com/Restaurant_Review-g35805-d2521344-Reviews-Jimmy_s_Pizza_Cafe-Chicago_Illinois.html,,1623,,2025-08-15T14:54:45.627330
Portillo’s (River North),restaurant,"100 W Ontario St, Chicago, IL 60654",River North,https://maps.google.com/?cid=5806266154725630959,"41.893511,-87.6315393",Portillo’s is arguably the most consistent menu in America.,"Italian beefs, dogs, burgers, shakes, chocolate cake.","{""italian beef"", ""hot dog"", ""fast casual"", ""iconic""}",2.6,4.4,,https://www.yelp.com/biz/portillos-hot-dogs-chicago-5,https://www.tripadvisor.com/Restaurant_Review-g35805-d501909-Reviews-Portillo_s_Hot_Dogs-Chicago_Illinois.html,244.0,23137,,2025-08-15T14:54:48.263080
JP Graziano Grocery,restaurant,"901 W Randolph St, Chicago, IL 60607",West Loop,https://maps.google.com/?cid=12815412481118533946,"41.8841336,-87.64994689999999",JP Graziano’s is the king of Italian subs.,Legendary Italian sub shop; limited hours.,"{""italian sub"", ""deli"", ""west loop""}",,4.8,,https://www.yelp.com/biz/jp-graziano-grocery-chicago,https://www.tripadvisor.com/Restaurant_Review-g35805-d4959096-Reviews-JP_Graziano_Grocery-Chicago_Illinois.html,,878,,2025-08-15T14:54:51.130240
Bari Foods,restaurant,"1120 W Grand Ave, Chicago, IL 60642",West Town,https://maps.google.com/?cid=3053644334012703260,"41.89129000000001,-87.655557",Bari and D’Amato’s are the Italian sub trinity.,Classic Italian grocer with top-tier subs.,"{""italian sub"", ""deli""}",,4.7,,https://www.yelp.com/biz/bari-foods-chicago,https://www.tripadvisor.com/Restaurant_Review-g35805-d4824593-Reviews-Bari-Chicago_Illinois.html,,1315,,2025-08-15T14:54:55.714724
D’Amato’s Bakery,restaurant,"1124 W Grand Ave, Chicago, IL 60642",West Town,https://maps.google.com/?cid=226401283572057769,"41.8912922,-87.65567709999999",Bari and D’Amato’s are the Italian sub trinity.,Old-school Italian bakery famous for bread and subs.,"{""bakery"", ""italian sub""}",,4.7,,https://www.yelp.com/biz/damatos-bakery-chicago,https://www.tripadvisor.com/Restaurant_Review-g35805-d1179183-Reviews-D_Amato_s_Bakery-Chicago_Illinois.html,,1554,,2025-08-15T14:55:00.280847
Ricobene’s,restaurant,"252 W 26th St, Chicago, IL 60616",Bridgeport,https://maps.google.com/?cid=13306994845154643130,"41.8457437,-87.6339284",South Side legend; breaded steak sandwich.,Hearty South Side icon serving massive breaded steak.,"{""south side"", ""breaded steak"", ""iconic""}",,4.6,,,https://www.tripadvisor.com/Restaurant_Review-g35805-d431344-Reviews-Ricobene_s_of_26th_St-Chicago_Illinois.html,,7397,,2025-08-15T14:55:05.375290
Johnny’s Beef (Elmwood Park),restaurant,"7500 W North Ave, Elmwood Park, IL 60707",Elmwood Park,https://maps.google.com/?cid=14000821940932265502,"41.9089153,-87.8133",Transcendent Italian beef and Italian ice.,Beloved suburban beef stand; pilgrimage-worthy.,"{""italian beef"", ""italian ice"", ""suburbs""}",,4.6,,https://www.yelp.com/biz/johnnys-beef-elmwood-park,https://www.tripadvisor.com/Restaurant_Review-g35974-d431705-Reviews-Johnny_s_Beef-Elmwood_Park_Illinois.html,,5620,,2025-08-15T14:55:10.022957
Bird’s Nest,bar,"2500 N Southport Ave, Chicago, IL 60614",Lincoln Park,https://maps.google.com/?cid=3141422201600136941,"41.9271485,-87.6637385",Wings enthusiasts must hit Bird’s Nest.,Neighborhood sports bar famous for wings.,"{""wings"", ""sports bar"", ""lincoln park""}",,4.4,,https://www.yelp.com/biz/birds-nest-chicago,https://www.tripadvisor.com/Restaurant_Review-g35805-d431210-Reviews-Bird_s_Nest-Chicago_Illinois.html,,1111,,2025-08-15T14:55:13.114742
Output Lounge,bar,"1758 W Grand Ave, Chicago, IL 60622",West Town,https://maps.google.com/?cid=16665534023599796278,"41.8910682,-87.6718301",Output Lounge also great bar for wings.,Sports bar with outstanding wings.,"{""wings"", ""sports bar"", ""west town""}",,4.1,,https://www.yelp.com/biz/output-lounge-chicago,https://www.tripadvisor.com/Restaurant_Review-g35805-d5112332-Reviews-Output_Lounge-Chicago_Illinois.html,,665,,2025-08-15T14:55:15.941902
Big Star (Wicker Park),restaurant,"1531 N Damen Ave, Chicago, IL 60622",Wicker Park,https://maps.google.com/?cid=5811207519756525167,"41.9093725,-87.6772728","Day-drinking patios and scenes: Big Star, Parlor, Happy Camper, Green Street Smoked Meats, Au Cheval next to Lone Wolf and Haymarket Brewery.","Patio Hall of Fame; tacos, pitchers, sunshine.","{""patio"", ""tacos"", ""day drinking""}",3.6,4.4,,https://www.yelp.com/biz/big-star-chicago,https://www.tripadvisor.com/Restaurant_Review-g35805-d1905660-Reviews-Big_Star-Chicago_Illinois.html,3461.0,4262,,2025-08-15T14:55:18.591939
Parlor Pizza Bar (West Loop),restaurant,"108 N Green St, Chicago, IL 60607",West Loop,https://maps.google.com/?cid=14500874014997728818,"41.8834277,-87.64882089999999","Day-drinking patios and scenes: Big Star, Parlor, Happy Camper, Green Street Smoked Meats, Au Cheval next to Lone Wolf and Haymarket Brewery.",All-day patio party energy; pizza does its job.,"{""patio"", ""pizza"", ""day drinking""}",,4.3,,https://www.yelp.com/biz/parlor-pizza-bar-chicago-3,,,3589,,2025-08-15T14:55:22.951878
Parlor Pizza Bar (River North),restaurant,"405 N Dearborn St, Chicago, IL 60654",River North,https://maps.google.com/?cid=9739616628491100975,"41.8894086,-87.62928","Day-drinking patios and scenes: Big Star, Parlor, Happy Camper, Green Street Smoked Meats, Au Cheval next to Lone Wolf and Haymarket Brewery.",Second outpost with similar energy.,"{""patio"", ""pizza"", ""day drinking""}",,4.3,,https://www.yelp.com/biz/parlor-pizza-bar-chicago-2,,,1652,,2025-08-15T14:55:27.869717
Happy Camper (Old Town),restaurant,"1209 N Wells St, Chicago, IL 60610",Old Town,https://maps.google.com/?cid=5347498959250733227,"41.90428,-87.63431279999999","Day-drinking patios and scenes: Big Star, Parlor, Happy Camper, Green Street Smoked Meats, Au Cheval next to Lone Wolf and Haymarket Brewery.",Chaotic sibling to Parlor; great decor.,"{""patio"", ""pizza"", ""day drinking""}",,4.6,,https://www.yelp.com/biz/happy-camper-chicago-3,,,2774,,2025-08-15T14:55:32.790791
Happy Camper (Wrigleyville),restaurant,"3458 N Clark St, Chicago, IL 60657",Wrigleyville,https://maps.google.com/?cid=9414776962403826577,"41.9449962,-87.65488839999999","Day-drinking patios and scenes: Big Star, Parlor, Happy Camper, Green Street Smoked Meats, Au Cheval next to Lone Wolf and Haymarket Brewery.",Wrigley outpost; party vibes.,"{""patio"", ""pizza"", ""day drinking"", ""wrigleyville""}",4.1,4.7,,https://www.yelp.com/biz/happy-camper-chicago-6,,902.0,2464,,2025-08-15T14:55:35.784461
Green Street Smoked Meats,restaurant,"112 N Green St, Chicago, IL 60607",West Loop,https://maps.google.com/?cid=9290903970346444486,"41.8836576,-87.64890779999999","Day-drinking patios and scenes: Big Star, Parlor, Happy Camper, Green Street Smoked Meats, Au Cheval next to Lone Wolf and Haymarket Brewery.",Top-tier BBQ in an alley fairyland.,"{""bbq"", ""patio"", ""west loop""}",4.4,4.7,,https://www.yelp.com/biz/green-street-smoked-meats-chicago,https://www.tripadvisor.com/Restaurant_Review-g35805-d6700753-Reviews-Green_Street_Smoked_Meats-Chicago_Illinois.html,2272.0,4784,,2025-08-15T14:55:38.451371
Au Cheval,restaurant,"800 W Randolph St, Chicago, IL 60607",West Loop,https://maps.google.com/?cid=14895351767103572712,"41.8846303,-87.64758719999999","Day-drinking patios and scenes: Big Star, Parlor, Happy Camper, Green Street Smoked Meats, Au Cheval next to Lone Wolf and Haymarket Brewery.","Plan, wait, and crush the double cheeseburger.","{""burger"", ""iconic"", ""west loop""}",4.4,4.6,,https://www.yelp.com/biz/au-cheval-chicago,https://www.tripadvisor.com/Restaurant_Review-g35805-d3181580-Reviews-Au_Cheval-Chicago_Illinois.html,9310.0,10574,,2025-08-15T14:55:41.521173
Lone Wolf,bar,"806 W Randolph St, Chicago, IL 60607",West Loop,https://maps.google.com/?cid=7542440028422689345,"41.8846161,-87.6478096","Day-drinking patios and scenes: Big Star, Parlor, Happy Camper, Green Street Smoked Meats, Au Cheval next to Lone Wolf and Haymarket Brewery.",Classic bar next to Au Cheval; ideal while you wait.,"{""bar"", ""west loop""}",,4.3,,https://www.yelp.com/biz/lone-wolf-tavern-chicago,,,1163,,2025-08-15T14:55:44.624118
Haymarket Brewery,brewery,"737 W Randolph St, Chicago, IL 60661",West Loop,https://maps.google.com/?cid=14145282892085525684,"41.8841667,-87.64722220000002","Day-drinking patios and scenes: Big Star, Parlor, Happy Camper, Green Street Smoked Meats, Au Cheval next to Lone Wolf and Haymarket Brewery.",Brewpub with house beers; great pre‑Au Cheval stop.,"{""brewery"", ""west loop""}",,4.3,,https://www.yelp.com/biz/haymarket-pub-and-brewery-chicago,https://www.tripadvisor.com/Restaurant_Review-g35805-d2153455-Reviews-Haymarket_Pub_Brewery-Chicago_Illinois.html,,1086,,2025-08-15T14:55:49.213425
Bavette’s Bar & Boeuf,restaurant,"218 W Kinzie St, Chicago, IL 60654",River North,https://maps.google.com/?cid=13931739334360690963,"41.8892908,-87.63488869999999","Chicago is the steakhouse capital. Bavette’s is A++, Chicago Cut has skyline views, Maple & Ash is a flex, Gibsons Italia does riverside decadence, RPM Steak is sleek, Gene & Georgetti is old-school, Boeufhaus is the chef’s steakhouse, El Che is live-fire, Tango Sur is BYOB Argentine, Tre Dita is new-school.","Dark, jazzy, and perfect from top to bottom.","{""steakhouse"", ""cocktails"", ""river north""}",,4.8,,https://www.yelp.com/biz/bavettes-bar-and-boeuf-chicago,,,3549,,2025-08-15T14:55:52.344655
Chicago Cut Steakhouse,restaurant,"300 N LaSalle St, Chicago, IL 60654",River North,https://maps.google.com/?cid=9294240848300660600,"41.8880993,-87.6327417","Chicago is the steakhouse capital. Bavette’s is A++, Chicago Cut has skyline views, Maple & Ash is a flex, Gibsons Italia does riverside decadence, RPM Steak is sleek, Gene & Georgetti is old-school, Boeufhaus is the chef’s steakhouse, El Che is live-fire, Tango Sur is BYOB Argentine, Tre Dita is new-school.","Skyline through glass, riverside seating, big‑baller service.","{""steakhouse"", ""riverside"", ""river north""}",,4.5,,https://www.yelp.com/biz/chicago-cut-steakhouse-chicago,,,3113,,2025-08-15T14:31:00.906704
Maple & Ash,restaurant,"8 W Maple St, Chicago, IL 60610",Gold Coast,https://maps.google.com/?cid=3105854899375450868,"41.9020389,-87.62874719999999","Chicago is the steakhouse capital. Bavette’s is A++, Chicago Cut has skyline views, Maple & Ash is a flex, Gibsons Italia does riverside decadence, RPM Steak is sleek, Gene & Georgetti is old-school, Boeufhaus is the chef’s steakhouse, El Che is live-fire, Tango Sur is BYOB Argentine, Tre Dita is new-school.","Butter, salt, and a heavy scene; espresso martini star.","{""steakhouse"", ""scene"", ""gold coast""}",,4.5,,https://www.yelp.com/biz/maple-and-ash-chicago,,,3840,,2025-08-15T14:31:06.274669
Gibsons Italia,restaurant,"233 N Canal St, Chicago, IL 60606",West Loop Gate,https://maps.google.com/?cid=6099501835260677183,"41.8865947,-87.63957479999999","Chicago is the steakhouse capital. Bavette’s is A++, Chicago Cut has skyline views, Maple & Ash is a flex, Gibsons Italia does riverside decadence, RPM Steak is sleek, Gene & Georgetti is old-school, Boeufhaus is the chef’s steakhouse, El Che is live-fire, Tango Sur is BYOB Argentine, Tre Dita is new-school.",Riverside decadence with Italian flair.,"{""steakhouse"", ""riverside"", ""italian""}",4.3,4.7,,https://www.yelp.com/biz/gibsons-italia-chicago-2,,1041.0,3787,,2025-08-15T14:31:11.345438
RPM Steak,restaurant,"66 W Kinzie St, Chicago, IL 60654",River North,https://maps.google.com/?cid=11123140090440554441,"41.8893972,-87.63061189999999","Chicago is the steakhouse capital. Bavette’s is A++, Chicago Cut has skyline views, Maple & Ash is a flex, Gibsons Italia does riverside decadence, RPM Steak is sleek, Gene & Georgetti is old-school, Boeufhaus is the chef’s steakhouse, El Che is live-fire, Tango Sur is BYOB Argentine, Tre Dita is new-school.","Sleek, dialed, consistent; modern cuts.","{""steakhouse"", ""modern""}",4.2,4.7,,https://www.yelp.com/biz/rpm-steak-chicago-2,,1831.0,4281,,2025-08-15T14:31:18.847396
Gene & Georgetti,restaurant,"500 N Franklin St, Chicago, IL 60654",River North,https://maps.google.com/?cid=17308622795343437681,"41.8908839,-87.6357762","Chicago is the steakhouse capital. Bavette’s is A++, Chicago Cut has skyline views, Maple & Ash is a flex, Gibsons Italia does riverside decadence, RPM Steak is sleek, Gene & Georgetti is old-school, Boeufhaus is the chef’s steakhouse, El Che is live-fire, Tango Sur is BYOB Argentine, Tre Dita is new-school.",Old‑school time machine; Sinatra favorite.,"{""steakhouse"", ""old-school""}",3.7,4.5,,https://www.yelp.com/biz/gene-and-georgetti-chicago-6,,1189.0,2071,,2025-08-15T14:31:23.881977
Boeufhaus,restaurant,"1012 N Western Ave, Chicago, IL 60622",West Town,https://maps.google.com/?cid=2872192518889982919,"41.89985619999999,-87.6872841","Chicago is the steakhouse capital. Bavette’s is A++, Chicago Cut has skyline views, Maple & Ash is a flex, Gibsons Italia does riverside decadence, RPM Steak is sleek, Gene & Georgetti is old-school, Boeufhaus is the chef’s steakhouse, El Che is live-fire, Tango Sur is BYOB Argentine, Tre Dita is new-school.",Chef’s steakhouse; cut nerd heaven.,"{""steakhouse"", ""chef-driven""}",,4.7,,https://www.yelp.com/biz/boeufhaus-chicago,,,788,,2025-08-15T14:31:29.362288
El Che Steakhouse & Bar,restaurant,"845 W Washington Blvd, Chicago, IL 60607",West Loop,https://maps.google.com/?cid=11042232866612160371,"41.8828921,-87.64918139999999","Chicago is the steakhouse capital. Bavette’s is A++, Chicago Cut has skyline views, Maple & Ash is a flex, Gibsons Italia does riverside decadence, RPM Steak is sleek, Gene & Georgetti is old-school, Boeufhaus is the chef’s steakhouse, El Che is live-fire, Tango Sur is BYOB Argentine, Tre Dita is new-school.","Live‑fire Argentine; party steak, best carajillo.","{""steakhouse"", ""argentine"", ""live-fire""}",,4.5,,https://www.yelp.com/biz/el-che-steakhouse-and-bar-chicago,,,1269,,2025-08-15T14:31:34.827825
Tango Sur,restaurant,"3763 N Southport Ave, Chicago, IL 60613",Lakeview,https://maps.google.com/?cid=9092690374958017479,"41.9507806,-87.66384959999999","Chicago is the steakhouse capital. Bavette’s is A++, Chicago Cut has skyline views, Maple & Ash is a flex, Gibsons Italia does riverside decadence, RPM Steak is sleek, Gene & Georgetti is old-school, Boeufhaus is the chef’s steakhouse, El Che is live-fire, Tango Sur is BYOB Argentine, Tre Dita is new-school.",BYOB Argentinian heaven; lethal chimichurri.,"{""argentine"", ""byob"", ""steak""}",4.0,4.5,,https://www.yelp.com/biz/tango-sur-chicago,https://www.tripadvisor.com/Restaurant_Review-g35805-d430140-Reviews-Tango_Sur-Chicago_Illinois.html,2759.0,3110,,2025-08-15T14:31:39.470576
Tre Dita,restaurant,"401 E Wacker Dr 2nd Floor, Chicago, IL 60601",Lakeshore East,https://maps.google.com/?cid=16832758544848504496,"41.8873909,-87.61733","Chicago is the steakhouse capital. Bavette’s is A++, Chicago Cut has skyline views, Maple & Ash is a flex, Gibsons Italia does riverside decadence, RPM Steak is sleek, Gene & Georgetti is old-school, Boeufhaus is the chef’s steakhouse, El Che is live-fire, Tango Sur is BYOB Argentine, Tre Dita is new-school.",Stunning room in St. Regis; Evan Funke pastas; top-cap steak.,"{""steakhouse"", ""italian"", ""fine dining""}",4.3,4.2,,https://www.yelp.com/biz/tre-dita-chicago,,241.0,578,,2025-08-15T14:31:45.600100
Volare Ristorante Italiano,restaurant,"201 E Grand Ave, Chicago, IL 60611",Streeterville,https://maps.google.com/?cid=9777418218009839729,"41.8915361,-87.6225667","Loud, fun, authentic Italian options: Volare, La Scarola, Viaggio, Elina’s, Bruna’s, Ignotz, Il Vicinato, Riccardo Trattoria, Tufano’s, Mart Anthony’s, Topo Gigio, Il Porcellino. Monteverde and Rose Mary are refined, world-class.","Loud, fun, authentic; Sardinian owner; Roman chef.","{""italian"", ""classic""}",,4.6,,https://www.yelp.com/biz/volare-ristorante-italiano-chicago,https://www.tripadvisor.com/Restaurant_Review-g35805-d430094-Reviews-Volare_Ristorante_Italiano-Chicago_Illinois.html,,3825,,2025-08-15T14:31:50.651017
La Scarola,restaurant,"721 W Grand Ave, Chicago, IL 60654",River West,https://maps.google.com/?cid=5861897834684476820,"41.8910547,-87.64683199999999","Loud, fun, authentic Italian options: Volare, La Scarola, Viaggio, Elina’s, Bruna’s, Ignotz, Il Vicinato, Riccardo Trattoria, Tufano’s, Mart Anthony’s, Topo Gigio, Il Porcellino. Monteverde and Rose Mary are refined, world-class.",Beloved red‑sauce joint; huge portions.,"{""italian"", ""red sauce""}",4.2,4.7,,https://www.yelp.com/biz/la-scarola-chicago,https://www.tripadvisor.com/Restaurant_Review-g35805-d431277-Reviews-La_Scarola-Chicago_Illinois.html,1663.0,1967,,2025-08-15T14:31:56.103376
Viaggio Restaurant & Lounge,restaurant,"1330 W Madison St, Chicago, IL 60607",West Loop,https://maps.google.com/?cid=983911483627424985,"41.881476,-87.6531593","Loud, fun, authentic Italian options: Volare, La Scarola, Viaggio, Elina’s, Bruna’s, Ignotz, Il Vicinato, Riccardo Trattoria, Tufano’s, Mart Anthony’s, Topo Gigio, Il Porcellino. Monteverde and Rose Mary are refined, world-class.",You won’t have a bad dish; feels like home.,"{""italian"", ""west loop""}",,4.7,,https://www.yelp.com/biz/viaggio-ristorante-and-lounge-chicago,https://www.tripadvisor.com/Restaurant_Review-g35805-d1526255-Reviews-Viaggio_Ristorante_Chicago-Chicago_Illinois.html,,848,,2025-08-15T14:32:01.457752
Elina’s,restaurant,"236 W Lake St, Chicago, IL 60606",West Loop Gate,https://maps.google.com/?cid=16228661977836414415,"41.8912431,-87.657651","Loud, fun, authentic Italian options: Volare, La Scarola, Viaggio, Elina’s, Bruna’s, Ignotz, Il Vicinato, Riccardo Trattoria, Tufano’s, Mart Anthony’s, Topo Gigio, Il Porcellino. Monteverde and Rose Mary are refined, world-class.",Hot intimate red‑sauce spot from NYC vets.,"{""italian"", ""intimate""}",4.1,4.4,,https://www.yelp.com/biz/elinas-chicago,,217.0,317,,2025-08-15T14:32:07.645806
Bruna’s Ristorante,restaurant,"2424 S Oakley Ave, Chicago, IL 60608",Heart of Italy,https://maps.google.com/?cid=18251947483902813082,"41.8476402,-87.68333439999999","Loud, fun, authentic Italian options: Volare, La Scarola, Viaggio, Elina’s, Bruna’s, Ignotz, Il Vicinato, Riccardo Trattoria, Tufano’s, Mart Anthony’s, Topo Gigio, Il Porcellino. Monteverde and Rose Mary are refined, world-class.",Throwback time machine.,"{""italian"", ""old-school""}",3.8,4.5,,https://www.yelp.com/biz/brunas-ristorante-chicago,https://www.tripadvisor.com/Restaurant_Review-g35805-d429663-Reviews-Bruna_s_Ristorante-Chicago_Illinois.html,191.0,600,,2025-08-15T14:32:12.194327
Ignotz Ristorante,restaurant,"2421 S Oakley Ave, Chicago, IL 60608",Heart of Italy,https://maps.google.com/?cid=12107849095454950210,"41.8478156,-87.68280759999999","Loud, fun, authentic Italian options: Volare, La Scarola, Viaggio, Elina’s, Bruna’s, Ignotz, Il Vicinato, Riccardo Trattoria, Tufano’s, Mart Anthony’s, Topo Gigio, Il Porcellino. Monteverde and Rose Mary are refined, world-class.",Classic South Side Italian.,"{""italian"", ""south side""}",,4.8,,https://www.yelp.com/biz/ignotz-ristorante-chicago,,,1033,,2025-08-15T14:32:17.798954
Il Vicinato Ristorante,restaurant,"2435 S Western Ave, Chicago, IL 60608",Heart of Italy,https://maps.google.com/?cid=17612055019741020169,"41.84740499999999,-87.6852447","Loud, fun, authentic Italian options: Volare, La Scarola, Viaggio, Elina’s, Bruna’s, Ignotz, Il Vicinato, Riccardo Trattoria, Tufano’s, Mart Anthony’s, Topo Gigio, Il Porcellino. Monteverde and Rose Mary are refined, world-class.",Longtime neighborhood favorite.,"{""italian"", ""south side""}",,4.6,,https://www.yelp.com/biz/il-vicinato-ristorante-chicago,,,463,,2025-08-15T14:32:23.146685
Riccardo Trattoria,restaurant,"2119 N Clark St, Chicago, IL 60614",Lincoln Park,https://maps.google.com/?cid=11538194430946208982,"41.9207132,-87.6373997","Loud, fun, authentic Italian options: Volare, La Scarola, Viaggio, Elina’s, Bruna’s, Ignotz, Il Vicinato, Riccardo Trattoria, Tufano’s, Mart Anthony’s, Topo Gigio, Il Porcellino. Monteverde and Rose Mary are refined, world-class.",Real deal Northern Italian.,"{""italian"", ""lincoln park""}",,4.6,,https://www.yelp.com/biz/riccardo-trattoria-chicago,https://www.tripadvisor.com/Restaurant_Review-g35805-d664566-Reviews-Riccardo_Trattoria-Chicago_Illinois.html,,436,,2025-08-15T14:32:28.488992
Tufano’s Vernon Park Tap,restaurant,"1073 W Vernon Park Pl, Chicago, IL 60607",Little Italy,https://maps.google.com/?cid=8760561857931058834,"41.87289639999999,-87.6540409","Loud, fun, authentic Italian options: Volare, La Scarola, Viaggio, Elina’s, Bruna’s, Ignotz, Il Vicinato, Riccardo Trattoria, Tufano’s, Mart Anthony’s, Topo Gigio, Il Porcellino. Monteverde and Rose Mary are refined, world-class.",Your dad’s favor-call spot; never misses.,"{""italian"", ""little italy""}",,4.6,,https://www.yelp.com/biz/tufanos-vernon-park-tap-chicago,https://www.tripadvisor.com/Restaurant_Review-g35805-d431226-Reviews-Tufano_s_Vernon_Park_Tap-Chicago_Illinois.html,,1376,,2025-08-15T14:32:33.502372
Mart Anthony’s Italian Restaurant,restaurant,"1200 W Hubbard St, Chicago, IL 60642",West Town,https://maps.google.com/?cid=55908099058749572,"41.8901221,-87.65767120000001","Loud, fun, authentic Italian options: Volare, La Scarola, Viaggio, Elina’s, Bruna’s, Ignotz, Il Vicinato, Riccardo Trattoria, Tufano’s, Mart Anthony’s, Topo Gigio, Il Porcellino. Monteverde and Rose Mary are refined, world-class.",Sleeper hit you’ll be happy you found.,"{""italian"", ""west town""}",4.1,4.7,,https://www.yelp.com/biz/mart-anthonys-italian-restaurant-chicago,,475.0,457,,2025-08-15T14:32:38.981832
Topo Gigio Ristorante,restaurant,"1516 N Wells St, Chicago, IL 60610",Old Town,https://maps.google.com/?cid=9436416164338471400,"41.9096736,-87.6348324","Loud, fun, authentic Italian options: Volare, La Scarola, Viaggio, Elina’s, Bruna’s, Ignotz, Il Vicinato, Riccardo Trattoria, Tufano’s, Mart Anthony’s, Topo Gigio, Il Porcellino. Monteverde and Rose Mary are refined, world-class.","Simple, cheap, perfect for groups; big patio.","{""italian"", ""patio"", ""old town""}",4.1,4.6,,https://www.yelp.com/biz/topo-gigio-ristorante-chicago,https://www.tripadvisor.com/Restaurant_Review-g35805-d430683-Reviews-Topo_Gigio_Ristorante-Chicago_Illinois.html,1287.0,1705,,2025-08-15T14:32:43.415855
Il Porcellino,restaurant,"59 W Hubbard St, Chicago, IL 60654",River North,https://maps.google.com/?cid=6164865802321526684,"41.8899515,-87.6302966","Loud, fun, authentic Italian options: Volare, La Scarola, Viaggio, Elina’s, Bruna’s, Ignotz, Il Vicinato, Riccardo Trattoria, Tufano’s, Mart Anthony’s, Topo Gigio, Il Porcellino. Monteverde and Rose Mary are refined, world-class.",Solid for big groups; central location.,"{""italian"", ""group friendly""}",4.4,4.7,,https://www.yelp.com/biz/il-porcellino-chicago,https://www.tripadvisor.com/Restaurant_Review-g35805-d10454896-Reviews-Il_Porcellino-Chicago_Illinois.html,1638.0,3264,,2025-08-15T14:32:49.218997
Monteverde,restaurant,"1020 W Madison St, Chicago, IL 60607",West Loop,https://maps.google.com/?cid=6720495908809171574,"41.8818361,-87.65296939999999","Loud, fun, authentic Italian options: Volare, La Scarola, Viaggio, Elina’s, Bruna’s, Ignotz, Il Vicinato, Riccardo Trattoria, Tufano’s, Mart Anthony’s, Topo Gigio, Il Porcellino. Monteverde and Rose Mary are refined, world-class.",World-class pasta from Sarah Grueneberg.,"{""italian"", ""pasta"", ""west loop""}",,4.7,,https://www.yelp.com/biz/monteverde-restaurant-and-pastificio-chicago,https://www.tripadvisor.com/Restaurant_Review-g35805-d9556273-Reviews-Monteverde_Restaurant_Pasticifio-Chicago_Illinois.html,,2478,,2025-08-15T14:32:54.397024
Rose Mary,restaurant,"932 W Fulton Market, Chicago, IL 60607",West Loop,https://maps.google.com/?cid=1628302229668798411,"41.8869519,-87.6511541","Loud, fun, authentic Italian options: Volare, La Scarola, Viaggio, Elina’s, Bruna’s, Ignotz, Il Vicinato, Riccardo Trattoria, Tufano’s, Mart Anthony’s, Topo Gigio, Il Porcellino. Monteverde and Rose Mary are refined, world-class.",Croatian‑Adriatic with Italian spirit from Joe Flamm.,"{""croatian"", ""mediterranean"", ""west loop""}",4.3,4.5,,https://www.yelp.com/biz/rose-mary-chicago,https://www.tripadvisor.com/Restaurant_Review-g35805-d21305087-Reviews-Rose_Mary-Chicago_Illinois.html,815.0,1597,,2025-08-15T14:32:59.612472
"Joe’s Seafood, Prime Steak & Stone Crab",restaurant,"60 E Grand Ave, Chicago, IL 60611",River North,https://maps.google.com/?cid=13530402773733144110,"41.8919614,-87.6256389",Seafood? Joe’s Stone Crab. Everything else is pretending.,Miami-imported stone crab and classic seafood house.,"{""seafood"", ""classic"", ""river north""}",4.4,4.7,,https://www.yelp.com/biz/joes-seafood-prime-steak-and-stone-crab-chicago,https://www.tripadvisor.com/Restaurant_Review-g35805-d430232-Reviews-Joe_s_Seafood_Prime_Steak_Stone_Crab-Chicago_Illinois.html,3169.0,4704,,2025-08-15T14:33:04.667178
Trivoli Tavern,restaurant,"114 N Green St, Chicago, IL 60607",West Loop,https://maps.google.com/?cid=1950759072770198211,"41.8838272,-87.6492538",Hogsalt greatest hits in a Wisconsin Supper Club vibe.,"One room with Au Cheval burger, Bavette steak frites, Ciccio Mio pasta, etc.","{""hogsalt"", ""supper club"", ""west loop""}",4.5,4.6,,https://www.yelp.com/biz/trivoli-tavern-chicago,,834.0,1481,,2025-08-15T14:33:09.414878
Murphy’s Bleachers,bar,"3655 N Sheffield Ave, Chicago, IL 60613",Wrigleyville,https://maps.google.com/?cid=10398025080386924423,"41.9489122,-87.65420879999999","Wrigleyville crawl: Murphy’s Bleachers, Old Crow, Sluggers, HVAC, Country Club, Happy Camper, Moe’s Cantina.",Pre/post‑game staple across from Wrigley.,"{""wrigleyville"", ""sports bar"", ""cubs""}",3.8,4.5,,https://www.yelp.com/biz/murphys-bleachers-chicago,https://www.tripadvisor.com/Attraction_Review-g35805-d584357-Reviews-Murphy_s_Bleachers-Chicago_Illinois.html,397.0,1217,,2025-08-15T14:33:15.089029
Old Crow Smokehouse (Wrigleyville),bar,"3506 N Clark St, Chicago, IL 60657",Wrigleyville,https://maps.google.com/?cid=1755007916731784167,"41.945776,-87.655655","Wrigleyville crawl: Murphy’s Bleachers, Old Crow, Sluggers, HVAC, Country Club, Happy Camper, Moe’s Cantina.",Country‑leaning party bar; doubles as pre/post game stop.,"{""wrigleyville"", ""live music"", ""bbq"", ""bar""}",,4.2,,https://www.yelp.com/biz/old-crow-smokehouse-chicago-3,,,1169,,2025-08-15T14:33:20.447206
Sluggers World Class Sports Bar,bar,"3540 N Clark St, Chicago, IL 60657",Wrigleyville,https://maps.google.com/?cid=10151645236548935647,"41.94659559999999,-87.6562208","Wrigleyville crawl: Murphy’s Bleachers, Old Crow, Sluggers, HVAC, Country Club, Happy Camper, Moe’s Cantina.",Batting cages upstairs; chaos guaranteed.,"{""wrigleyville"", ""sports bar"", ""batting cages""}",,4.2,,https://www.yelp.com/biz/sluggers-world-class-sports-bar-and-grill-chicago,https://www.tripadvisor.com/Attraction_Review-g35805-d156641-Reviews-Sluggers_World_Class_Sports_Bar_Grill-Chicago_Illinois.html,,2320,,2025-08-15T14:33:25.503430
HVAC Pub,bar,"3530 N Clark St, Chicago, IL 60657",Wrigleyville,https://maps.google.com/?cid=6957379592708785417,"41.94624719999999,-87.65614389999999","Wrigleyville crawl: Murphy’s Bleachers, Old Crow, Sluggers, HVAC, Country Club, Happy Camper, Moe’s Cantina.",Rowdy game‑day spot with DJs.,"{""wrigleyville"", ""sports bar"", ""dj""}",3.0,3.8,,https://www.yelp.com/biz/hvac-pub-chicago,,124.0,561,,2025-08-15T14:33:33.036084
Country Club (Wrigleyville),bar,"3462 N Clark St, Chicago, IL 60657",Wrigleyville,https://maps.google.com/?cid=2958784011800790762,"41.9450836,-87.6549758","Wrigleyville crawl: Murphy’s Bleachers, Old Crow, Sluggers, HVAC, Country Club, Happy Camper, Moe’s Cantina.",Country bar energy; doubles as day‑drink HQ.,"{""wrigleyville"", ""country"", ""bar""}",,4.4,,https://www.yelp.com/biz/country-club-chicago-3,,,409,,2025-08-15T14:33:38.504349
Moe’s Cantina (Wrigleyville),bar,"3518 N Clark St, Chicago, IL 60657",Wrigleyville,https://maps.google.com/?cid=1191013218206001784,"41.9460969,-87.6559027","Wrigleyville crawl: Murphy’s Bleachers, Old Crow, Sluggers, HVAC, Country Club, Happy Camper, Moe’s Cantina.",Large-format margaritas; party crowd.,"{""wrigleyville"", ""mexican"", ""bar""}",2.2,3.5,,https://www.yelp.com/biz/moes-cantina-wrigleyville-chicago,,362.0,695,,2025-08-15T14:33:44.455199
Cork & Kerry at the Park,bar,"3259 S Princeton Ave, Chicago, IL 60616",Bridgeport,https://maps.google.com/?cid=16558530933053402551,"41.834658,-87.6342839","South Side pre-game: Cork & Kerry, Turtle’s; Phil’s for sausage and giardiniera pizza.",Neighborhood Irish pub near Sox Park.,"{""white sox"", ""irish pub"", ""bridgeport""}",,4.4,,https://www.yelp.com/biz/cork-and-kerry-at-the-park-chicago,https://www.tripadvisor.com/Restaurant_Review-g35805-d2507916-Reviews-Cork_Kerry_at_the_Park-Chicago_Illinois.html,,390,,2025-08-15T14:33:49.814342
Turtle’s Bar & Grill,bar,"238 W 33rd St, Chicago, IL 60616",Bridgeport,https://maps.google.com/?cid=12232917389528784986,"41.8346954,-87.6330665","South Side pre-game: Cork & Kerry, Turtle’s; Phil’s for sausage and giardiniera pizza.",Classic corner bar a few blocks from the park.,"{""white sox"", ""bar"", ""bridgeport""}",3.9,4.5,,https://www.yelp.com/biz/turtles-bar-and-grill-chicago,,111.0,521,,2025-08-15T14:33:55.878220
California Clipper,bar,"1002 N California Ave, Chicago, IL 60622",Humboldt Park,https://maps.google.com/?cid=12966776428742613609,"41.899481,-87.69704999999999","Pro moves: California Clipper then Kingston Mines; Buddy Guy’s Legends; Andy’s Jazz Club. Clubs in River North: TAO, Joy District with Parlay, Tunnel, Electric Hotel, PRYSM, Underground, Celeste; Smartbar for EDM. Dives: Richards and Snickers. Neighborhood classics: Lottie’s, Louie’s Pub, Mom’s Place, Howl at the Moon. Activity bars: Flight Club.","Artsy cocktail bar; go early for a table, then head to blues.","{""cocktail bar"", ""live music""}",4.1,4.6,,https://www.yelp.com/biz/the-california-clipper-chicago,https://www.tripadvisor.com/Attraction_Review-g35805-d10242318-Reviews-California_Clipper-Chicago_Illinois.html,399.0,745,,2025-08-15T14:34:00.809074
Kingston Mines,club,"2548 N Halsted St, Chicago, IL 60614",Lincoln Park,https://maps.google.com/?cid=8185883636769171018,"41.9287006,-87.6490441","Pro moves: California Clipper then Kingston Mines; Buddy Guy’s Legends; Andy’s Jazz Club. Clubs in River North: TAO, Joy District with Parlay, Tunnel, Electric Hotel, PRYSM, Underground, Celeste; Smartbar for EDM. Dives: Richards and Snickers. Neighborhood classics: Lottie’s, Louie’s Pub, Mom’s Place, Howl at the Moon. Activity bars: Flight Club.",Late-night blues machine; keeps you till lights on.,"{""blues"", ""live music"", ""late-night""}",4.2,4.7,,https://www.yelp.com/biz/kingston-mines-chicago,https://www.tripadvisor.com/Attraction_Review-g35805-d103322-Reviews-Kingston_Mines-Chicago_Illinois.html,650.0,3671,,2025-08-15T14:34:06.020461
Buddy Guy’s Legends,club,"700 S Wabash Ave, Chicago, IL 60605",South Loop,https://maps.google.com/?cid=16211294832945162517,"41.873022,-87.6261904","Pro moves: California Clipper then Kingston Mines; Buddy Guy’s Legends; Andy’s Jazz Club. Clubs in River North: TAO, Joy District with Parlay, Tunnel, Electric Hotel, PRYSM, Underground, Celeste; Smartbar for EDM. Dives: Richards and Snickers. Neighborhood classics: Lottie’s, Louie’s Pub, Mom’s Place, Howl at the Moon. Activity bars: Flight Club.",Bucket-list blues club.,"{""blues"", ""live music""}",,4.6,,https://www.yelp.com/biz/buddy-guys-legends-chicago,https://www.tripadvisor.com/Attraction_Review-g35805-d103319-Reviews-Buddy_Guy_s_Legends-Chicago_Illinois.html,,3416,,2025-08-15T14:34:11.011457
Andy’s Jazz Club,club,"11 E Hubbard St, Chicago, IL 60611",River North,https://maps.google.com/?cid=17278386049505788326,"41.8899495,-87.6274762","Pro moves: California Clipper then Kingston Mines; Buddy Guy’s Legends; Andy’s Jazz Club. Clubs in River North: TAO, Joy District with Parlay, Tunnel, Electric Hotel, PRYSM, Underground, Celeste; Smartbar for EDM. Dives: Richards and Snickers. Neighborhood classics: Lottie’s, Louie’s Pub, Mom’s Place, Howl at the Moon. Activity bars: Flight Club.",Classic downtown jazz set.,"{""jazz"", ""live music""}",3.7,4.5,,https://www.yelp.com/biz/andys-jazz-club-chicago,https://www.tripadvisor.com/Attraction_Review-g35805-d561040-Reviews-Andy_s_Jazz_Club_and_Restaurant-Chicago_Illinois.html,668.0,3593,,2025-08-15T14:34:16.176949
TAO Chicago,club,"632 N Dearborn St, Chicago, IL 60654",River North,https://maps.google.com/?cid=15117407009323459848,"41.8934147,-87.6300087","Pro moves: California Clipper then Kingston Mines; Buddy Guy’s Legends; Andy’s Jazz Club. Clubs in River North: TAO, Joy District with Parlay, Tunnel, Electric Hotel, PRYSM, Underground, Celeste; Smartbar for EDM. Dives: Richards and Snickers. Neighborhood classics: Lottie’s, Louie’s Pub, Mom’s Place, Howl at the Moon. Activity bars: Flight Club.",Giant club with heavy DJ calendar and bottle service.,"{""club"", ""river north""}",,4.3,,https://www.yelp.com/biz/tao-chicago-chicago,,,3532,,2025-08-15T14:34:21.572663
Joy District,club,"112 W Hubbard St, Chicago, IL 60654",River North,https://maps.google.com/?cid=9744012524886627163,"41.89018859999999,-87.6317705","Pro moves: California Clipper then Kingston Mines; Buddy Guy’s Legends; Andy’s Jazz Club. Clubs in River North: TAO, Joy District with Parlay, Tunnel, Electric Hotel, PRYSM, Underground, Celeste; Smartbar for EDM. Dives: Richards and Snickers. Neighborhood classics: Lottie’s, Louie’s Pub, Mom’s Place, Howl at the Moon. Activity bars: Flight Club.",Rooftop + club combo; leans younger.,"{""club"", ""rooftop"", ""river north""}",,3.3,,https://www.yelp.com/biz/joy-district-chicago,,,1130,,2025-08-15T14:34:27.252618
Parlay at Joy District,bar,"112 W Hubbard St, Chicago, IL 60654",River North,https://maps.google.com/?cid=13628828993100790095,"41.8902353,-87.6317849","Pro moves: California Clipper then Kingston Mines; Buddy Guy’s Legends; Andy’s Jazz Club. Clubs in River North: TAO, Joy District with Parlay, Tunnel, Electric Hotel, PRYSM, Underground, Celeste; Smartbar for EDM. Dives: Richards and Snickers. Neighborhood classics: Lottie’s, Louie’s Pub, Mom’s Place, Howl at the Moon. Activity bars: Flight Club.",Sports bar downstairs from Joy District.,"{""sports bar"", ""river north""}",3.5,4.5,,https://www.yelp.com/biz/parlay-chicago,,87.0,554,,2025-08-15T14:34:32.570799
Tunnel,club,"149 W Kinzie St, Chicago, IL 60654",River North,https://maps.google.com/?cid=825465042980246957,"41.8890599,-87.6330242","Pro moves: California Clipper then Kingston Mines; Buddy Guy’s Legends; Andy’s Jazz Club. Clubs in River North: TAO, Joy District with Parlay, Tunnel, Electric Hotel, PRYSM, Underground, Celeste; Smartbar for EDM. Dives: Richards and Snickers. Neighborhood classics: Lottie’s, Louie’s Pub, Mom’s Place, Howl at the Moon. Activity bars: Flight Club.",Boutique club on Kinzie.,"{""club"", ""river north""}",,3.8,,https://www.yelp.com/biz/tunnel-chicago-3,,,593,,2025-08-15T14:34:38.066147
Electric Hotel,club,"222 W Ontario St, Chicago, IL 60654",River North,https://maps.google.com/?cid=5682734761499468710,"41.8934118,-87.63508279999999","Pro moves: California Clipper then Kingston Mines; Buddy Guy’s Legends; Andy’s Jazz Club. Clubs in River North: TAO, Joy District with Parlay, Tunnel, Electric Hotel, PRYSM, Underground, Celeste; Smartbar for EDM. Dives: Richards and Snickers. Neighborhood classics: Lottie’s, Louie’s Pub, Mom’s Place, Howl at the Moon. Activity bars: Flight Club.",High-energy dance club.,"{""club"", ""river north""}",2.0,4.0,,https://www.yelp.com/biz/electric-hotel-chicago,,67.0,161,,2025-08-15T14:34:43.133596
PRYSM Nightclub,club,"1543 N Kingsbury St, Chicago, IL 60642",Goose Island,https://maps.google.com/?cid=10375424703133805909,"41.90936629999999,-87.6525434","Pro moves: California Clipper then Kingston Mines; Buddy Guy’s Legends; Andy’s Jazz Club. Clubs in River North: TAO, Joy District with Parlay, Tunnel, Electric Hotel, PRYSM, Underground, Celeste; Smartbar for EDM. Dives: Richards and Snickers. Neighborhood classics: Lottie’s, Louie’s Pub, Mom’s Place, Howl at the Moon. Activity bars: Flight Club.",Big-room club bookings.,"{""club""}",,3.1,,https://www.yelp.com/biz/prysm-nightclub-chicago,,,807,,2025-08-15T14:34:48.561174
Underground,club,"56 W Illinois St, Chicago, IL 60654",River North,https://maps.google.com/?cid=13029025125963109329,"41.8909374,-87.6301541","Pro moves: California Clipper then Kingston Mines; Buddy Guy’s Legends; Andy’s Jazz Club. Clubs in River North: TAO, Joy District with Parlay, Tunnel, Electric Hotel, PRYSM, Underground, Celeste; Smartbar for EDM. Dives: Richards and Snickers. Neighborhood classics: Lottie’s, Louie’s Pub, Mom’s Place, Howl at the Moon. Activity bars: Flight Club.",Downtown club mainstay.,"{""club"", ""river north""}",,2.4,,https://www.yelp.com/biz/the-underground-chicago,,,476,,2025-08-15T14:34:53.980708
Celeste,club,"111 W Hubbard St, Chicago, IL 60654",River North,https://maps.google.com/?cid=8613827451111493322,"41.88989,-87.6316379","Pro moves: California Clipper then Kingston Mines; Buddy Guy’s Legends; Andy’s Jazz Club. Clubs in River North: TAO, Joy District with Parlay, Tunnel, Electric Hotel, PRYSM, Underground, Celeste; Smartbar for EDM. Dives: Richards and Snickers. Neighborhood classics: Lottie’s, Louie’s Pub, Mom’s Place, Howl at the Moon. Activity bars: Flight Club.",Multi-level cocktail club with disco.,"{""club"", ""cocktails""}",3.4,3.9,,https://www.yelp.com/biz/celeste-chicago,,642.0,1379,,2025-08-15T14:34:59.143407
Smartbar,club,"3730 N Clark St, Chicago, IL 60613",Wrigleyville,https://maps.google.com/?cid=1274503388944571835,"41.94977129999999,-87.6587675","Pro moves: California Clipper then Kingston Mines; Buddy Guy’s Legends; Andy’s Jazz Club. Clubs in River North: TAO, Joy District with Parlay, Tunnel, Electric Hotel, PRYSM, Underground, Celeste; Smartbar for EDM. Dives: Richards and Snickers. Neighborhood classics: Lottie’s, Louie’s Pub, Mom’s Place, Howl at the Moon. Activity bars: Flight Club.",EDM purist spot under Metro.,"{""edm"", ""club"", ""wrigleyville""}",3.7,3.9,,https://www.yelp.com/biz/smartbar-chicago,https://www.tripadvisor.com/Attraction_Review-g35805-d7399110-Reviews-Smart_Bar-Chicago_Illinois.html,421.0,498,,2025-08-15T14:35:03.584224
Richards Bar,bar,"491 N Milwaukee Ave, Chicago, IL 60654",River West,https://maps.google.com/?cid=17913564837097254944,"41.8909676,-87.6469631","Pro moves: California Clipper then Kingston Mines; Buddy Guy’s Legends; Andy’s Jazz Club. Clubs in River North: TAO, Joy District with Parlay, Tunnel, Electric Hotel, PRYSM, Underground, Celeste; Smartbar for EDM. Dives: Richards and Snickers. Neighborhood classics: Lottie’s, Louie’s Pub, Mom’s Place, Howl at the Moon. Activity bars: Flight Club.","Grizzled dive; cash only, no nonsense.","{""dive bar"", ""cash only""}",4.3,4.5,,https://www.yelp.com/biz/richards-bar-chicago,,341.0,525,,2025-08-15T14:35:09.589693
Snickers Bar & Grill,bar,"448 N Wells St, Chicago, IL 60654",River North,https://maps.google.com/?cid=17973169954687798724,"41.8907529,-87.628197","Pro moves: California Clipper then Kingston Mines; Buddy Guy’s Legends; Andy’s Jazz Club. Clubs in River North: TAO, Joy District with Parlay, Tunnel, Electric Hotel, PRYSM, Underground, Celeste; Smartbar for EDM. Dives: Richards and Snickers. Neighborhood classics: Lottie’s, Louie’s Pub, Mom’s Place, Howl at the Moon. Activity bars: Flight Club.",Old-school dive between shiny spots.,"{""dive bar""}",3.3,4.0,,https://www.yelp.com/biz/snickers-bar-and-grill-chicago,,269.0,1399,,2025-08-15T14:35:15.357619
Lottie’s Pub,bar,"1925 W Cortland St, Chicago, IL 60622",Bucktown,https://maps.google.com/?cid=4071860924433144692,"41.9157902,-87.6761834","Pro moves: California Clipper then Kingston Mines; Buddy Guy’s Legends; Andy’s Jazz Club. Clubs in River North: TAO, Joy District with Parlay, Tunnel, Electric Hotel, PRYSM, Underground, Celeste; Smartbar for EDM. Dives: Richards and Snickers. Neighborhood classics: Lottie’s, Louie’s Pub, Mom’s Place, Howl at the Moon. Activity bars: Flight Club.",Neighborhood favorite with small patio.,"{""dive bar"", ""bucktown""}",,4.4,,https://www.yelp.com/biz/lotties-pub-chicago,,,1622,,2025-08-15T14:35:20.836180
Louie’s Pub (Wicker Park),bar,"1659 W North Ave, Chicago, IL 60622",Wicker Park,https://maps.google.com/?cid=3456410735850168616,"41.9105021,-87.6699757","Pro moves: California Clipper then Kingston Mines; Buddy Guy’s Legends; Andy’s Jazz Club. Clubs in River North: TAO, Joy District with Parlay, Tunnel, Electric Hotel, PRYSM, Underground, Celeste; Smartbar for EDM. Dives: Richards and Snickers. Neighborhood classics: Lottie’s, Louie’s Pub, Mom’s Place, Howl at the Moon. Activity bars: Flight Club.",Karaoke that becomes a spectacle by midnight.,"{""karaoke"", ""wicker park""}",,4.1,,https://www.yelp.com/biz/louies-pub-chicago,,,418,,2025-08-15T14:35:26.338802
Mom’s Place,bar,"650 N Dearborn St, Chicago, IL 60654",River North,https://maps.google.com/?cid=14499988577044294756,"41.8938756,-87.63000110000002","Pro moves: California Clipper then Kingston Mines; Buddy Guy’s Legends; Andy’s Jazz Club. Clubs in River North: TAO, Joy District with Parlay, Tunnel, Electric Hotel, PRYSM, Underground, Celeste; Smartbar for EDM. Dives: Richards and Snickers. Neighborhood classics: Lottie’s, Louie’s Pub, Mom’s Place, Howl at the Moon. Activity bars: Flight Club.",Pop in for one song and stay two hours.,"{""karaoke"", ""dive bar""}",,4.2,,https://www.yelp.com/biz/moms-place-chicago,,,712,,2025-08-15T14:35:31.794847
Howl at the Moon Chicago,bar,"26 W Hubbard St, Chicago, IL 60654",River North,https://maps.google.com/?cid=1924871016043841906,"41.890257,-87.629165","Pro moves: California Clipper then Kingston Mines; Buddy Guy’s Legends; Andy’s Jazz Club. Clubs in River North: TAO, Joy District with Parlay, Tunnel, Electric Hotel, PRYSM, Underground, Celeste; Smartbar for EDM. Dives: Richards and Snickers. Neighborhood classics: Lottie’s, Louie’s Pub, Mom’s Place, Howl at the Moon. Activity bars: Flight Club.",Dueling pianos; always a scene.,"{""dueling pianos"", ""party""}",3.4,4.4,,https://www.yelp.com/biz/howl-at-the-moon-chicago,,803.0,3613,,2025-08-15T14:35:37.220752
Flight Club Chicago (River North),activity,"111 W Wacker Dr, Chicago, IL 60601",River North,https://maps.google.com/?cid=6634553816882629042,"41.8865939,-87.63140659999999",Darts but like a real night out; book a semi-private oche.,"Automatic scoring, cocktails, and upscale bar food.","{""darts"", ""activity bar"", ""river north""}",4.3,4.6,,https://www.yelp.com/biz/flight-club-chicago-chicago,,355.0,1676,,2025-08-15T14:35:42.439942
WhirlyBall (Bucktown),activity,"1825 W Webster Ave, Chicago, IL 60614",Bucktown,https://maps.google.com/?cid=7932800740676991603,"41.9212227,-87.6739273",Bumper cars + lacrosse + hoops + pitchers; book two courts.,"Also bowling, laser tag, arcade, bocce.","{""whirlyball"", ""bowling"", ""arcade"", ""bucktown""}",3.3,4.3,,https://www.yelp.com/biz/whirlyball-chicago-3,,318.0,2100,,2025-08-15T14:35:47.528496
Diversey River Bowl,activity,"2211 W Diversey Pkwy, Chicago, IL 60647",Logan Square,https://maps.google.com/?cid=12227303092627583192,"41.931658,-87.68342229999999",Classic bowling alley for easy group time.,Late hours; cheap beers; friendly trash talk.,"{""bowling"", ""logansquare""}",3.5,4.3,,https://www.yelp.com/biz/diversey-river-bowl-chicago,,300.0,1083,,2025-08-15T14:35:53.020610
Southport Lanes (Closed),activity,"3325 N Southport Ave, Chicago, IL 60657",Lakeview,https://maps.google.com/?cid=15890709932452592121,"41.9423815,-87.66366939999999",Historic lanes and tavern; currently closed per 2021 reports.,Include for historical context; building repurposed.,"{""bowling"", ""closed"", ""historic""}",3.6,4.5,,https://www.yelp.com/biz/southport-lanes-chicago-2,,288.0,453,,2025-08-15T14:35:58.584099
Benchmark,restaurant/bar,"1510 N Wells St, Chicago, IL 60610",Old Town,https://maps.google.com/?cid=13841045349517769029,"41.909494,-87.6348367",Old Town run includes Benchmark.,Sports-centric bar with big patio and retractable roof.,"{""old town"", ""sports"", ""patio""}",,4.4,,https://www.yelp.com/biz/benchmark-chicago,,,1315,,2025-08-15T14:36:03.935947
The Vig (Old Town),restaurant/bar,"1527 N Wells St, Chicago, IL 60610",Old Town,https://maps.google.com/?cid=16033540057882399761,"41.909915,-87.63447529999999",Also on Wells in the cluster.,Polished sports lounge with American fare and TVs.,"{""old town"", ""sports"", ""brunch""}",,4.7,,https://www.yelp.com/biz/the-vig-chicago-5,,,3058,,2025-08-15T14:36:09.439108
Fireplace Inn,restaurant/bar,"1448 N Wells St, Chicago, IL 60610",Old Town,https://maps.google.com/?cid=5886973143668604223,"41.9091299,-87.6348871",Part of the Wells Street strip.,"Old Town institution for ribs, beers and patio people-watching.","{""old town"", ""bbq"", ""patio""}",2.9,4.2,,https://www.yelp.com/biz/fireplace-inn-chicago,,539.0,707,,2025-08-15T14:36:14.799489
Rossi’s Liquors,bar,"412 N State St, Chicago, IL 60654",River North,https://maps.google.com/?cid=16184370908133753189,"41.8897304,-87.6281508",Old school dive tucked in between the clubs.,Beloved cash-only dive bar with no-frills charm.,"{""dive bar"", ""cash only"", ""river north""}",,4.6,,https://www.yelp.com/biz/rossis-liquors-chicago,,,1166,,2025-08-15T14:36:20.276048
Streeter’s Tavern,bar,"50 E Chicago Ave, Chicago, IL 60611",Near North,https://maps.google.com/?cid=1328230323318205729,"41.8968632,-87.6262253",Another old-school dive in the mix.,Underground tavern known for cheap drinks and beer pong.,"{""dive bar"", ""near north"", ""cheap drinks""}",,4.3,,https://www.yelp.com/biz/streeters-tavern-chicago,,,825,,2025-08-15T14:36:25.669420
Pippin’s Tavern,restaurant/bar,"39 E Chicago Ave, Chicago, IL 60611",Gold Coast,https://maps.google.com/?cid=8155214385092756415,"41.8964793,-87.62662499999999",Gold Coast standby near the Viagra Triangle.,Modernized neighborhood tavern with cocktails and pub fare.,"{""gold coast"", ""tavern"", ""cocktails""}",3.5,4.2,,https://www.yelp.com/biz/pippins-tavern-chicago,,439.0,1009,,2025-08-15T14:36:30.813184
Gibsons Bar & Steakhouse (Gold Coast),restaurant,"1028 N Rush St, Chicago, IL 60611",Gold Coast,https://maps.google.com/?cid=15121268809622259668,"41.9013961,-87.62808609999999",Viagra Triangle power scene anchor.,Classic Chicago steakhouse with sidewalk patio and old-school service.,"{""steakhouse"", ""patio"", ""gold coast""}",4.1,4.6,,https://www.yelp.com/biz/gibsons-bar-and-steakhouse-chicago,,2783.0,6369,,2025-08-15T14:36:36.073548
Tavern on Rush,restaurant/bar,"1031 N Rush St, Chicago, IL 60611",Gold Coast,https://maps.google.com/?cid=13163859021999759109,"41.90135679999999,-87.62755519999999",People-watching central in the Triangle.,High-energy American steakhouse & bar famed for late nights.,"{""gold coast"", ""steakhouse"", ""late night""}",3.4,4.4,,https://www.yelp.com/biz/tavern-on-rush-chicago,,1188.0,2091,,2025-08-15T14:36:41.760898
The Bellevue,restaurant/bar,"1031 N Rush St, Chicago, IL 60611",Gold Coast,https://maps.google.com/?cid=11226428325637968051,"41.9016969,-87.62776819999999",Draws a crowd equal parts power lunch and people-watching.,Swanky restaurant/lounge on Rush Street with DJ-driven nights.,"{""gold coast"", ""lounge"", ""scene""}",,4.2,,https://www.yelp.com/biz/the-bellevue-chicago,,,411,,2025-08-15T14:36:45.648209
Bub City,restaurant/bar,"435 N Clark St, Chicago, IL 60654",River North,https://maps.google.com/?cid=3113045796709743743,"41.8902518,-87.63089269999999","Compact, loud, live country-leaning music box; lines are real.","BBQ, whiskey and country bands; late hours.","{""live music"", ""country"", ""bbq"", ""river north""}",,4.4,,https://www.yelp.com/biz/bub-city-chicago,,,3630,,2025-08-15T14:36:49.601270
Joe’s on Weed St.,venue/bar,"940 W Weed St, Chicago, IL 60642",Goose Island,https://maps.google.com/?cid=8584865026649133495,"41.9099108,-87.6521578",Legendary venue where big country acts have played.,Large warehouse venue for concerts and sports watch parties.,"{""live music"", ""venue"", ""tickets""}",,4.3,,https://www.yelp.com/biz/joes-on-weed-st-chicago,,,1489,,2025-08-15T14:36:55.063635
Carol’s Pub,bar/venue,"4659 N Clark St, Chicago, IL 60640",Uptown,https://maps.google.com/?cid=1464303583929647784,"41.9669152,-87.6669024",Late-night honky tonk; cheap beer and burgers.,Historic country dive with live bands and karaoke.,"{""country"", ""dive bar"", ""late night"", ""live music""}",,4.6,,https://www.yelp.com/biz/carols-pub-chicago,,,713,,2025-08-15T14:37:00.522063
The Salt Shed,venue,"1357 N Elston Ave, Chicago, IL 60642",Goose Island / North Branch,https://maps.google.com/?cid=10257690395886218057,"41.9064774,-87.65940049999999",Great live music city; Salt Shed hosts strong shows.,Indoor/outdoor concert venue at old Morton Salt site.,"{""concert"", ""indoor/outdoor"", ""riverfront""}",,4.7,,https://www.yelp.com/biz/the-salt-shed-chicago,,,2810,,2025-08-15T14:37:04.042140
House of Blues Chicago,venue,"329 N Dearborn St, Chicago, IL 60654",River North,https://maps.google.com/?cid=14481512033573378121,"41.888275,-87.6288411",Classic touring acts downtown.,Multi-level live-music venue with restaurant and Foundation Room.,"{""concert"", ""downtown"", ""blues-rock""}",,4.5,,https://www.yelp.com/biz/house-of-blues-chicago-chicago,,,8631,,2025-08-15T14:37:09.662007
Metro,venue,"3730 N Clark St, Chicago, IL 60613",Wrigleyville,https://maps.google.com/?cid=9178835618550221122,"41.94981019999999,-87.65881189999999",Historic indie and rock venue hosting touring acts.,Beloved venue next to Wrigley; upstairs from Smartbar.,"{""concert"", ""indie"", ""rock"", ""wrigleyville""}",,4.5,,https://www.yelp.com/biz/metro-chicago,,,2665,,2025-08-15T14:37:13.299170
United Center,venue/arena,"1901 W Madison St, Chicago, IL 60612",Near West Side,https://maps.google.com/?cid=11210567808380306244,"41.8806908,-87.6741759",Arena shows and major tours.,Home of the Bulls and Blackhawks; big concerts.,"{""arena"", ""concerts"", ""sports""}",,4.7,,https://www.yelp.com/biz/united-center-chicago,,,22518,,2025-08-15T14:37:18.663657
Concord Music Hall,venue,"2047 N Milwaukee Ave, Chicago, IL 60647",Logan Square,https://maps.google.com/?cid=8383551656180468129,"41.9187331,-87.68991989999999",Strong live-music option.,"Mid-size venue hosting electronic, hip-hop, and indie acts.","{""concert"", ""logan square"", ""club-adjacent""}",,4.2,,https://www.yelp.com/biz/concord-music-hall-chicago,,,2699,,2025-08-15T14:37:22.271537
RADIUS Chicago,venue,"640 W Cermak Rd, Chicago, IL 60616",Pilsen,https://maps.google.com/?cid=16985853644695954932,"41.8530546,-87.6427537",Large-format warehouse venue.,Expansive industrial concert space with heavy production.,"{""concert"", ""warehouse"", ""large format""}",,4.4,,https://www.yelp.com/biz/radius-chicago-chicago,,,1914,,2025-08-15T14:37:26.859822
Thalia Hall,venue,"1807 S Allport St, Chicago, IL 60608",Pilsen,https://maps.google.com/?cid=11117862299997163318,"41.857717,-87.657459",Historic room with great acoustics.,Restored 1890s opera house hosting concerts and events.,"{""concert"", ""historic"", ""pilsen""}",,4.7,,https://www.yelp.com/biz/thalia-hall-chicago,,,3472,,2025-08-15T14:37:32.220129
Byline Bank Aragon Ballroom,venue,"1106 W Lawrence Ave, Chicago, IL 60640",Uptown,https://maps.google.com/?cid=3515235013263013372,"41.969149,-87.6580233",North Side theater-scale concerts.,Lavish Moorish-style ballroom for big touring acts.,"{""concert"", ""ballroom"", ""uptown""}",,4.2,,https://www.yelp.com/biz/byline-bank-aragon-ballroom-chicago,,,5494,,2025-08-15T14:37:37.614455
The Chicago Theatre,venue,"175 N State St, Chicago, IL 60601",Loop,https://maps.google.com/?cid=5116333225589603030,"41.8855132,-87.62758559999999","Iconic marquee theater for comedy, music and special events.",Historic downtown theater.,"{""concert"", ""theater"", ""iconic""}",,4.7,,https://www.yelp.com/biz/the-chicago-theatre-chicago,,,9885,,2025-08-15T14:37:43.000163
Halligan Bar,bar,"2274 N Lincoln Ave, Chicago, IL 60614",Lincoln Park,https://maps.google.com/?cid=14559648427436373244,"41.9233575,-87.6461198",Lincoln Park blend of college-bar DNA and grown-up money.,Classic DePaul-area sports pub.,"{""lincoln park"", ""sports"", ""college bar""}",,4.2,,https://www.yelp.com/biz/halligan-bar-chicago,,,420,,2025-08-15T14:37:46.572123
McGee’s Tavern & Grille,bar,"950 W Webster Ave, Chicago, IL 60614",Lincoln Park,https://maps.google.com/?cid=2992710716415305184,"41.92185,-87.6529229",DePaul standby still doing what it always has.,Neighborhood bar with big-game energy and weekend brunch.,"{""lincoln park"", ""sports"", ""brunch"", ""college bar""}",,4.0,,https://www.yelp.com/biz/mcgees-tavern-and-grille-chicago,,,600,,2025-08-15T14:37:51.967314
Federales (Fulton Market),restaurant/bar,"180 N Morgan St, Chicago, IL 60607",Fulton Market,https://maps.google.com/?cid=2442946350811635727,"41.8852162,-87.6523893",Garage-door margaritas and agave vibes.,Open-air tequila and taco bar with ice shot bell.,"{""tequila"", ""tacos"", ""patio"", ""day drinking""}",,4.5,,https://www.yelp.com/biz/federales-chicago,,,4039,,2025-08-15T14:37:57.593468
